Workbook

Sheet Avaliação
A1: Planilha Automática de Avaliação dos Poemas
A2: Projeto | B2: Poesia e Ancestralidade | E2: Data | F2: 46089 | H2: Média da turma | I2: =IFERROR(AVERAGE(K6:K55),"")
A5: Nome | B5: Turma | C5: Data | D5: Tema cultural | E5: Criatividade | F5: Linguagem poética | G5: Organização | H5: Expressão visual | I5: Participação | J5: Pontos | K5: Nota final | L5: Conceito | M5: Observações
C6: =IF(A6="","",$F$2) | J6: =IF(A6="","",SUMPRODUCT(D6:I6,Configuração!$B$4:$B$9)) | K6: =IF(A6="","",ROUND(J6/Configuração!$B$11*Configuração!$B$12,1)) | L6: =IF(A6="","",IF(K6>=9,"Excelente",IF(K6>=7,"Bom",IF(K6>=5,"Básico","Em desenvolvimento"))))
C7: =IF(A7="","",$F$2) | J7: =IF(A7="","",SUMPRODUCT(D7:I7,Configuração!$B$4:$B$9)) | K7: =IF(A7="","",ROUND(J7/Configuração!$B$11*Configuração!$B$12,1)) | L7: =IF(A7="","",IF(K7>=9,"Excelente",IF(K7>=7,"Bom",IF(K7>=5,"Básico","Em desenvolvimento"))))
C8: =IF(A8="","",$F$2) | J8: =IF(A8="","",SUMPRODUCT(D8:I8,Configuração!$B$4:$B$9)) | K8: =IF(A8="","",ROUND(J8/Configuração!$B$11*Configuração!$B$12,1)) | L8: =IF(A8="","",IF(K8>=9,"Excelente",IF(K8>=7,"Bom",IF(K8>=5,"Básico","Em desenvolvimento"))))
C9: =IF(A9="","",$F$2) | J9: =IF(A9="","",SUMPRODUCT(D9:I9,Configuração!$B$4:$B$9)) | K9: =IF(A9="","",ROUND(J9/Configuração!$B$11*Configuração!$B$12,1)) | L9: =IF(A9="","",IF(K9>=9,"Excelente",IF(K9>=7,"Bom",IF(K9>=5,"Básico","Em desenvolvimento"))))
C10: =IF(A10="","",$F$2) | J10: =IF(A10="","",SUMPRODUCT(D10:I10,Configuração!$B$4:$B$9)) | K10: =IF(A10="","",ROUND(J10/Configuração!$B$11*Configuração!$B$12,1)) | L10: =IF(A10="","",IF(K10>=9,"Excelente",IF(K10>=7,"Bom",IF(K10>=5,"Básico","Em desenvolvimento"))))
C11: =IF(A11="","",$F$2) | J11: =IF(A11="","",SUMPRODUCT(D11:I11,Configuração!$B$4:$B$9)) | K11: =IF(A11="","",ROUND(J11/Configuração!$B$11*Configuração!$B$12,1)) | L11: =IF(A11="","",IF(K11>=9,"Excelente",IF(K11>=7,"Bom",IF(K11>=5,"Básico","Em desenvolvimento"))))
C12: =IF(A12="","",$F$2) | J12: =IF(A12="","",SUMPRODUCT(D12:I12,Configuração!$B$4:$B$9)) | K12: =IF(A12="","",ROUND(J12/Configuração!$B$11*Configuração!$B$12,1)) | L12: =IF(A12="","",IF(K12>=9,"Excelente",IF(K12>=7,"Bom",IF(K12>=5,"Básico","Em desenvolvimento"))))
C13: =IF(A13="","",$F$2) | J13: =IF(A13="","",SUMPRODUCT(D13:I13,Configuração!$B$4:$B$9)) | K13: =IF(A13="","",ROUND(J13/Configuração!$B$11*Configuração!$B$12,1)) | L13: =IF(A13="","",IF(K13>=9,"Excelente",IF(K13>=7,"Bom",IF(K13>=5,"Básico","Em desenvolvimento"))))
C14: =IF(A14="","",$F$2) | J14: =IF(A14="","",SUMPRODUCT(D14:I14,Configuração!$B$4:$B$9)) | K14: =IF(A14="","",ROUND(J14/Configuração!$B$11*Configuração!$B$12,1)) | L14: =IF(A14="","",IF(K14>=9,"Excelente",IF(K14>=7,"Bom",IF(K14>=5,"Básico","Em desenvolvimento"))))
C15: =IF(A15="","",$F$2) | J15: =IF(A15="","",SUMPRODUCT(D15:I15,Configuração!$B$4:$B$9)) | K15: =IF(A15="","",ROUND(J15/Configuração!$B$11*Configuração!$B$12,1)) | L15: =IF(A15="","",IF(K15>=9,"Excelente",IF(K15>=7,"Bom",IF(K15>=5,"Básico","Em desenvolvimento"))))
C16: =IF(A16="","",$F$2) | J16: =IF(A16="","",SUMPRODUCT(D16:I16,Configuração!$B$4:$B$9)) | K16: =IF(A16="","",ROUND(J16/Configuração!$B$11*Configuração!$B$12,1)) | L16: =IF(A16="","",IF(K16>=9,"Excelente",IF(K16>=7,"Bom",IF(K16>=5,"Básico","Em desenvolvimento"))))
C17: =IF(A17="","",$F$2) | J17: =IF(A17="","",SUMPRODUCT(D17:I17,Configuração!$B$4:$B$9)) | K17: =IF(A17="","",ROUND(J17/Configuração!$B$11*Configuração!$B$12,1)) | L17: =IF(A17="","",IF(K17>=9,"Excelente",IF(K17>=7,"Bom",IF(K17>=5,"Básico","Em desenvolvimento"))))
... C55: =IF(A55="","",$F$2) | J55: =IF(A55="","",SUMPRODUCT(D55:I55,Configuração!$B$4:$B$9)) | K55: =IF(A55="","",ROUND(J55/Configuração!$B$11*Configuração!$B$12,1)) | L55: =IF(A55="","",IF(K55>=9,"Excelente",IF(K55>=7,"Bom",IF(K55>=5,"Básico","Em desenvolvimento"))))
A58: Legenda | D58: Personalize os pesos na aba Configuração.
A59: 4 = Excelente
A60: 3 = Bom
A61: 2 = Básico
A62: 1 = Inicial

Sheet Configuração
A1: Configuração da Planilha de Avaliação
A3: Critério | B3: Peso | C3: Observação
A4: Tema cultural | B4: 1 | C4: Altere o peso se quiser dar mais ou menos importância a este critério.
A5: Criatividade | B5: 1 | C5: Altere o peso se quiser dar mais ou menos importância a este critério.
A6: Linguagem poética | B6: 1 | C6: Altere o peso se quiser dar mais ou menos importância a este critério.
A7: Organização | B7: 1 | C7: Altere o peso se quiser dar mais ou menos importância a este critério.
A8: Expressão visual | B8: 1 | C8: Altere o peso se quiser dar mais ou menos importância a este critério.
A9: Participação | B9: 1 | C9: Altere o peso se quiser dar mais ou menos importância a este critério.
A11: Pontuação máxima | B11: =SUM(B4:B9)*4
A12: Nota máxima | B12: 10
A14: Escala dos níveis
A15: 4 = Excelente
A16: 3 = Bom
A17: 2 = Básico
A18: 1 = Inicial

Sheet Instruções
A1: Como usar
A3: 1. Preencha nome, turma e data na aba Avaliação. | C3: Fórmula da nota
A4: 2. Dê notas de 1 a 4 para cada critério (1=Inicial, 4=Excelente). | C4: Nota Final = (Pontos obtidos ÷ Pontuação máxima) × Nota máxima
A5: 3. A planilha calcula automaticamente Pontos, Nota Final e Conceito.
A6: 4. Se desejar, ajuste os pesos dos critérios na aba Configuração. | C6: Conceitos sugeridos
A7: 5. Use a coluna Observações para feedback individual. | C7: 9,0 a 10,0 = Excelente
C8: 7,0 a 8,9 = Bom
C9: 5,0 a 6,9 = Básico
A10: Critérios avaliados | C10: Abaixo de 5,0 = Em desenvolvimento
A11: • Tema cultural
A12: • Criatividade
A13: • Linguagem poética
A14: • Organização
A15: • Expressão visual
A16: • Participação
